model_name,dataset_name,prompt_type,strategy,sampling_method,lang,sari_method,BLEU,SARI,FKGL,FRE,BERTScore-F1,MeaningBERT
llama3_1_8b,cochrane,iso_examples,few,metric,en,standard,10.7,38.98,11.24,42.63,0.87,76.17
llama3_1_8b,cochrane,iso_examples,few,random,en,standard,10.26,38.85,11.92,38.63,0.8699,74.5
llama3_1_8b,cochrane,iso_examples,one,,en,standard,10.55,38.52,11.32,42.09,0.864,74.07
llama3_1_8b,cochrane,iso_examples,zero,,en,standard,12.14,38.09,10.62,44.1,0.8666,79.21
llama3_1_8b,cochrane,iso,few,metric,en,standard,8.03,38.54,11.56,41.94,0.8712,72.87
llama3_1_8b,cochrane,iso,few,random,en,standard,6.85,38.57,12.48,36.82,0.8744,72.51
llama3_1_8b,cochrane,iso,one,,en,standard,7.3,38.29,11.52,42.16,0.8667,71.98
llama3_1_8b,cochrane,iso,zero,,en,standard,8.31,38.4,10.52,46.75,0.8652,71.96
llama3_1_8b,cochrane,minimal,few,metric,en,standard,4.6,37.64,10.86,48.68,0.8711,65.1
llama3_1_8b,cochrane,minimal,few,random,en,standard,3.64,37.77,11.29,46.16,0.8728,65.31
llama3_1_8b,cochrane,minimal,one,,en,standard,2.95,36.52,10.21,51.93,0.8697,62.87
llama3_1_8b,cochrane,minimal,zero,,en,standard,6.72,38.31,9.73,54.44,0.8666,66.44
llama3_1_8b,plaba,iso_examples,few,metric,en,standard,11.5,37.16,10.68,49.3,0.8855,72.66
llama3_1_8b,plaba,iso_examples,few,random,en,standard,11.98,37.23,10.22,51.43,0.8838,70.01
llama3_1_8b,plaba,iso_examples,one,,en,standard,8.55,34.88,9.32,55.29,0.8665,58.97
llama3_1_8b,plaba,iso_examples,zero,,en,standard,10.87,36.68,10.55,48.53,0.8813,73.15
llama3_1_8b,plaba,iso,few,metric,en,standard,8.77,36.16,10.32,51.07,0.8848,71.27
llama3_1_8b,plaba,iso,few,random,en,standard,10.43,37.1,10.67,49.92,0.8866,71.03
llama3_1_8b,plaba,iso,one,,en,standard,6.53,33.71,9.61,54.24,0.8683,60.36
llama3_1_8b,plaba,iso,zero,,en,standard,9.06,36.3,10.08,51.52,0.8744,68.19
llama3_1_8b,plaba,minimal,few,metric,en,standard,5.91,34.46,9.83,56.07,0.8813,64.82
llama3_1_8b,plaba,minimal,few,random,en,standard,7.83,36.08,10.4,53.14,0.8853,68.43
llama3_1_8b,plaba,minimal,one,,en,standard,3.98,31.65,8.65,61.2,0.8664,56.34
llama3_1_8b,plaba,minimal,zero,,en,standard,6.07,33.81,9.28,59.08,0.8757,61.81
llama3_1_8b,tsar2025,iso_examples,few,metric,en,standard,34.43,48.07,7.41,67.16,0.9316,82.27
llama3_1_8b,tsar2025,iso_examples,few,random,en,standard,35.49,48.24,8.01,64.72,0.934,84.97
llama3_1_8b,tsar2025,iso_examples,one,,en,standard,33.48,47.44,7.8,65.34,0.9333,83.46
llama3_1_8b,tsar2025,iso_examples,zero,,en,standard,32.38,47.18,7.65,65.86,0.9326,83.51
llama3_1_8b,tsar2025,iso,few,metric,en,standard,35.56,48.66,7.34,68.3,0.9395,83.87
llama3_1_8b,tsar2025,iso,few,random,en,standard,37.68,48.96,7.96,65.59,0.9431,86.51
llama3_1_8b,tsar2025,iso,one,,en,standard,35.03,48.71,7.91,65.1,0.9366,82.85
llama3_1_8b,tsar2025,iso,zero,,en,standard,28.37,46.68,8.17,62.26,0.919,80.84
llama3_1_8b,tsar2025,minimal,few,metric,en,standard,33.78,48.71,7.34,70.4,0.9397,82.54
llama3_1_8b,tsar2025,minimal,few,random,en,standard,35.11,49.45,7.71,68.82,0.9426,83.39
llama3_1_8b,tsar2025,minimal,one,,en,standard,34.99,49.08,7.49,68.31,0.9429,84.06
llama3_1_8b,tsar2025,minimal,zero,,en,standard,30.58,47.26,7.19,69.0,0.9373,81.08
mixtral_latest,cochrane,iso_examples,few,metric,en,standard,10.41,37.39,10.65,46.74,0.8636,71.26
mixtral_latest,cochrane,iso_examples,few,random,en,standard,11.59,38.4,11.42,42.12,0.8681,74.32
mixtral_latest,cochrane,iso_examples,one,,en,standard,10.51,38.11,11.26,42.74,0.8672,74.21
mixtral_latest,cochrane,iso_examples,zero,,en,standard,11.2,37.12,10.47,44.98,0.8591,76.43
mixtral_latest,cochrane,iso,few,metric,en,standard,9.97,38.84,11.21,43.56,0.871,73.71
mixtral_latest,cochrane,iso,few,random,en,standard,10.66,39.27,11.89,40.39,0.8721,73.36
mixtral_latest,cochrane,iso,one,,en,standard,9.78,38.59,11.43,42.29,0.8697,71.11
mixtral_latest,cochrane,iso,zero,,en,standard,8.38,36.78,10.42,43.66,0.8589,74.58
mixtral_latest,cochrane,minimal,few,metric,en,standard,10.15,39.17,12.13,39.19,0.8728,72.07
mixtral_latest,cochrane,minimal,few,random,en,standard,10.07,39.28,12.2,38.63,0.8734,73.94
mixtral_latest,cochrane,minimal,one,,en,standard,9.27,39.3,11.93,40.62,0.8731,73.21
mixtral_latest,cochrane,minimal,zero,,en,standard,10.87,38.52,11.45,41.7,0.867,73.19
mixtral_latest,plaba,iso_examples,few,metric,en,standard,14.71,37.92,11.24,45.67,0.8832,75.25
mixtral_latest,plaba,iso_examples,few,random,en,standard,15.95,38.96,11.89,43.0,0.8909,75.68
mixtral_latest,plaba,iso_examples,one,,en,standard,12.33,37.2,10.69,46.93,0.8795,73.37
mixtral_latest,plaba,iso_examples,zero,,en,standard,12.65,36.82,11.15,43.53,0.882,74.79
mixtral_latest,plaba,iso,few,metric,en,standard,12.09,36.84,11.25,46.28,0.887,73.59
mixtral_latest,plaba,iso,few,random,en,standard,14.9,38.98,12.02,42.76,0.8921,75.63
mixtral_latest,plaba,iso,one,,en,standard,11.3,37.18,10.44,49.95,0.8848,69.96
mixtral_latest,plaba,iso,zero,,en,standard,8.93,35.04,10.72,45.85,0.8784,70.77
mixtral_latest,plaba,minimal,few,metric,en,standard,12.39,38.22,11.67,45.67,0.8899,72.83
mixtral_latest,plaba,minimal,few,random,en,standard,13.42,38.68,11.71,45.39,0.8898,74.28
mixtral_latest,plaba,minimal,one,,en,standard,10.5,36.75,10.76,49.45,0.8839,70.7
mixtral_latest,plaba,minimal,zero,,en,standard,12.84,38.03,11.32,45.76,0.8879,73.42
mixtral_latest,tsar2025,iso_examples,few,metric,en,standard,34.44,48.62,8.19,63.22,0.9418,84.5
mixtral_latest,tsar2025,iso_examples,few,random,en,standard,34.79,48.67,8.39,62.8,0.9424,84.77
mixtral_latest,tsar2025,iso_examples,one,,en,standard,34.08,47.95,8.58,61.69,0.9429,83.96
mixtral_latest,tsar2025,iso_examples,zero,,en,standard,32.54,47.5,8.46,61.12,0.9415,85.18
mixtral_latest,tsar2025,iso,few,metric,en,standard,32.17,47.73,7.84,65.89,0.9368,81.15
mixtral_latest,tsar2025,iso,few,random,en,standard,33.21,48.16,8.21,63.69,0.9386,81.79
mixtral_latest,tsar2025,iso,one,,en,standard,31.44,47.53,8.45,62.02,0.9378,82.42
mixtral_latest,tsar2025,iso,zero,,en,standard,23.47,43.98,8.7,57.7,0.9292,81.13
mixtral_latest,tsar2025,minimal,few,metric,en,standard,33.3,49.28,8.0,66.5,0.9378,80.62
mixtral_latest,tsar2025,minimal,few,random,en,standard,32.3,48.4,8.37,64.65,0.9361,81.1
mixtral_latest,tsar2025,minimal,one,,en,standard,32.89,48.48,8.86,61.74,0.939,82.47
mixtral_latest,tsar2025,minimal,zero,,en,standard,31.31,47.66,8.16,63.9,0.9348,80.74
